Workbook

Sheet 2018
D1: 0 | E1: 1 | F1: 1 | G1: 2 | H1: 1 | I1: 2 | J1: 2 | K1: 3 | L1: =D1+1 -> 1 | M1: =E1+1 -> 2 | N1: =F1+1 -> 2 | O1: =G1+1 -> 3 | P1: =H1+1 -> 2 | Q1: =I1+1 -> 3 | R1: =J1+1 -> 3 | S1: =K1+1 -> 4 | ... AI1: =AA1+1 -> 6
D2: =DEC2BIN(COLUMN()-4,5) -> 00000 | E2: =DEC2BIN(COLUMN()-4,5) -> 00001 | F2: =DEC2BIN(COLUMN()-4,5) -> 00010 | G2: =DEC2BIN(COLUMN()-4,5) -> 00011 | H2: =DEC2BIN(COLUMN()-4,5) -> 00100 | I2: =DEC2BIN(COLUMN()-4,5) -> 00101 | J2: =DEC2BIN(COLUMN()-4,5) -> 00110 | K2: =DEC2BIN(COLUMN()-4,5) -> 00111 | ... AI2: =DEC2BIN(COLUMN()-4,5) -> 11111
D3: 0.4989699 | E3: 0.8914265 | F3: 1.1243941 | G3: 1.4718972 | H3: 1.3733799 | I3: 1.7690284 | J3: 1.9537406 | K3: 2.3544028 | L3: 0.267487 | M3: 0.5288248 | N3: 0.6880369 | O3: 0.9330619 | P3: 0.9795977 | Q3: 1.207318 | R3: 1.3621994 | S3: 1.5581534 | T3: 0.1004189 | U3: 0.2251418 | V3: 0.321856 | W3: 0.4462911 | X3: 0.3628015 | Y3: 0.4988532 | Z3: 0.5681565 | AA3: 0.7729231 | AB3: 0 | AC3: 0 | AD3: 0 | AE3: 0 | AF3: 0 | AG3: 0 | AH3: 0 | AI3: 0
A4: 0 | B4: =DEC2BIN(ROW()-4,5) -> 00000 | C4: 0.4989699 | D4: =D$3+$A4-$C4-D$1+1 -> 1 | E4: =E$3+$A4-$C4-E$1+1 -> 0.3924566 | F4: =F$3+$A4-$C4-F$1+1 -> 0.6254242 | H4: =H$3+$A4-$C4-H$1+1 -> 0.87441 | L4: =L$3+$A4-$C4-L$1+1 -> -0.2314829
A5: 1 | B5: =DEC2BIN(ROW()-4,5) -> 00001 | C5: 0.8914265 | D5: =D$3+$A5-$C5-D$1+1 -> 1.6075434 | E5: =E$3+$A5-$C5-E$1+1 -> 1 | F5: =F$3+$A5-$C5-F$1+1 -> 1.2329676 | G5: =G$3+$A5-$C5-G$1+1 -> 0.5804707 | H5: =H$3+$A5-$C5-H$1+1 -> 1.4819534 | I5: =I$3+$A5-$C5-I$1+1 -> 0.8776019 | J5: =J$3+$A5-$C5-J$1+1 -> 1.0623141 | L5: =L$3+$A5-$C5-L$1+1 -> 0.3760605 | M5: =M$3+$A5-$C5-M$1+1 -> -0.3626017 | N5: =N$3+$A5-$C5-N$1+1 -> -0.2033896 | P5: =P$3+$A5-$C5-P$1+1 -> 0.0881712 | T5: =T$3+$A5-$C5-T$1+1 -> -0.7910076
A6: 1 | B6: =DEC2BIN(ROW()-4,5) -> 00010 | C6: 1.1243941 | D6: =D$3+$A6-$C6-D$1+1 -> 1.3745758 | E6: =E$3+$A6-$C6-E$1+1 -> 0.7670324 | F6: =F$3+$A6-$C6-F$1+1 -> 1 | G6: =G$3+$A6-$C6-G$1+1 -> 0.3475031 | H6: =H$3+$A6-$C6-H$1+1 -> 1.2489858 | I6: =I$3+$A6-$C6-I$1+1 -> 0.6446343 | J6: =J$3+$A6-$C6-J$1+1 -> 0.8293465 | L6: =L$3+$A6-$C6-L$1+1 -> 0.1430929 | M6: =M$3+$A6-$C6-M$1+1 -> -0.5955693 | N6: =N$3+$A6-$C6-N$1+1 -> -0.4363572 | P6: =P$3+$A6-$C6-P$1+1 -> -0.1447964 | T6: =T$3+$A6-$C6-T$1+1 -> -1.0239752
A7: 2 | B7: =DEC2BIN(ROW()-4,5) -> 00011 | C7: 1.4718972 | D7: =D$3+$A7-$C7-D$1+1 -> 2.0270727 | E7: =E$3+$A7-$C7-E$1+1 -> 1.4195293 | F7: =F$3+$A7-$C7-F$1+1 -> 1.6524969 | G7: =G$3+$A7-$C7-G$1+1 -> 1 | H7: =H$3+$A7-$C7-H$1+1 -> 1.9014827 | I7: =I$3+$A7-$C7-I$1+1 -> 1.2971312 | J7: =J$3+$A7-$C7-J$1+1 -> 1.4818434 | K7: =K$3+$A7-$C7-K$1+1 -> 0.8825056 | ... R7: =R$3+$A7-$C7-R$1+1 -> -0.1096978 | T7: =T$3+$A7-$C7-T$1+1 -> -0.3714783 | U7: =U$3+$A7-$C7-U$1+1 -> -1.2467554 | V7: =V$3+$A7-$C7-V$1+1 -> -1.1500412 | X7: =X$3+$A7-$C7-X$1+1 -> -1.1090957 | AB7: =AB$3+$A7-$C7-AB$1+1 -> -1.4718972
A8: 1 | B8: =DEC2BIN(ROW()-4,5) -> 00100 | C8: 1.3733799 | D8: =D$3+$A8-$C8-D$1+1 -> 1.12559 | E8: =E$3+$A8-$C8-E$1+1 -> 0.5180466 | F8: =F$3+$A8-$C8-F$1+1 -> 0.7510142 | H8: =H$3+$A8-$C8-H$1+1 -> 1 | I8: =I$3+$A8-$C8-I$1+1 -> 0.3956485 | J8: =J$3+$A8-$C8-J$1+1 -> 0.5803607 | L8: =L$3+$A8-$C8-L$1+1 -> -0.1058929 | M8: =M$3+$A8-$C8-M$1+1 -> -0.8445551 | N8: =N$3+$A8-$C8-N$1+1 -> -0.685343 | P8: =P$3+$A8-$C8-P$1+1 -> -0.3937822 | T8: =T$3+$A8-$C8-T$1+1 -> -1.272961
A9: 2 | B9: =DEC2BIN(ROW()-4,5) -> 00101 | C9: 1.7690284 | D9: =D$3+$A9-$C9-D$1+1 -> 1.7299415 | E9: =E$3+$A9-$C9-E$1+1 -> 1.1223981 | F9: =F$3+$A9-$C9-F$1+1 -> 1.3553657 | G9: =G$3+$A9-$C9-G$1+1 -> 0.7028688 | H9: =H$3+$A9-$C9-H$1+1 -> 1.6043515 | I9: =I$3+$A9-$C9-I$1+1 -> 1 | J9: =J$3+$A9-$C9-J$1+1 -> 1.1847122 | K9: =K$3+$A9-$C9-K$1+1 -> 0.5853744 | ... R9: =R$3+$A9-$C9-R$1+1 -> -0.406829 | T9: =T$3+$A9-$C9-T$1+1 -> -0.6686095 | U9: =U$3+$A9-$C9-U$1+1 -> -1.5438866 | V9: =V$3+$A9-$C9-V$1+1 -> -1.4471724 | X9: =X$3+$A9-$C9-X$1+1 -> -1.4062269 | AB9: =AB$3+$A9-$C9-AB$1+1 -> -1.7690284
A10: 2 | B10: =DEC2BIN(ROW()-4,5) -> 00110 | C10: 1.9537406 | D10: =D$3+$A10-$C10-D$1+1 -> 1.5452293 | E10: =E$3+$A10-$C10-E$1+1 -> 0.9376859 | F10: =F$3+$A10-$C10-F$1+1 -> 1.1706535 | G10: =G$3+$A10-$C10-G$1+1 -> 0.5181566 | H10: =H$3+$A10-$C10-H$1+1 -> 1.4196393 | I10: =I$3+$A10-$C10-I$1+1 -> 0.8152878 | J10: =J$3+$A10-$C10-J$1+1 -> 1 | K10: =K$3+$A10-$C10-K$1+1 -> 0.4006622 | ... R10: =R$3+$A10-$C10-R$1+1 -> -0.5915412 | T10: =T$3+$A10-$C10-T$1+1 -> -0.8533217 | U10: =U$3+$A10-$C10-U$1+1 -> -1.7285988 | V10: =V$3+$A10-$C10-V$1+1 -> -1.6318846 | X10: =X$3+$A10-$C10-X$1+1 -> -1.5909391 | AB10: =AB$3+$A10-$C10-AB$1+1 -> -1.9537406
A11: 3 | B11: =DEC2BIN(ROW()-4,5) -> 00111 | C11: 2.3544028 | D11: =D$3+$A11-$C11-D$1+1 -> 2.1445671 | E11: =E$3+$A11-$C11-E$1+1 -> 1.5370237 | F11: =F$3+$A11-$C11-F$1+1 -> 1.7699913 | G11: =G$3+$A11-$C11-G$1+1 -> 1.1174944 | H11: =H$3+$A11-$C11-H$1+1 -> 2.0189771 | I11: =I$3+$A11-$C11-I$1+1 -> 1.4146256 | J11: =J$3+$A11-$C11-J$1+1 -> 1.5993378 | K11: =K$3+$A11-$C11-K$1+1 -> 1 | ... Z11: =Z$3+$A11-$C11-Z$1+1 -> -1.7862463 | AB11: =AB$3+$A11-$C11-AB$1+1 -> -1.3544028 | AC11: =AC$3+$A11-$C11-AC$1+1 -> -2.3544028 | AD11: =AD$3+$A11-$C11-AD$1+1 -> -2.3544028 | AF11: =AF$3+$A11-$C11-AF$1+1 -> -2.3544028
A12: =A4+1 -> 1 | B12: =DEC2BIN(ROW()-4,5) -> 01000 | C12: 0.267487 | L12: =L$3+$A12-$C12-L$1+1 -> 1 | M12: =M$3+$A12-$C12-M$1+1 -> 0.2613378 | N12: =N$3+$A12-$C12-N$1+1 -> 0.4205499 | P12: =P$3+$A12-$C12-P$1+1 -> 0.7121107 | T12: =T$3+$A12-$C12-T$1+1 -> -0.1670681
A13: =A5+1 -> 2 | B13: =DEC2BIN(ROW()-4,5) -> 01001 | C13: 0.5288248 | L13: =L$3+$A13-$C13-L$1+1 -> 1.7386622 | M13: =M$3+$A13-$C13-M$1+1 -> 1 | N13: =N$3+$A13-$C13-N$1+1 -> 1.1592121 | O13: =O$3+$A13-$C13-O$1+1 -> 0.4042371 | P13: =P$3+$A13-$C13-P$1+1 -> 1.4507729 | Q13: =Q$3+$A13-$C13-Q$1+1 -> 0.6784932 | R13: =R$3+$A13-$C13-R$1+1 -> 0.8333746 | T13: =T$3+$A13-$C13-T$1+1 -> 0.5715941 | U13: =U$3+$A13-$C13-U$1+1 -> -0.303683 | V13: =V$3+$A13-$C13-V$1+1 -> -0.2069688 | X13: =X$3+$A13-$C13-X$1+1 -> -0.1660233 | AB13: =AB$3+$A13-$C13-AB$1+1 -> -0.5288248
A14: =A6+1 -> 2 | B14: =DEC2BIN(ROW()-4,5) -> 01010 | C14: 0.6880369 | L14: =L$3+$A14-$C14-L$1+1 -> 1.5794501 | M14: =M$3+$A14-$C14-M$1+1 -> 0.8407879 | N14: =N$3+$A14-$C14-N$1+1 -> 1 | O14: =O$3+$A14-$C14-O$1+1 -> 0.245025 | P14: =P$3+$A14-$C14-P$1+1 -> 1.2915608 | Q14: =Q$3+$A14-$C14-Q$1+1 -> 0.5192811 | R14: =R$3+$A14-$C14-R$1+1 -> 0.6741625 | T14: =T$3+$A14-$C14-T$1+1 -> 0.412382 | U14: =U$3+$A14-$C14-U$1+1 -> -0.4628951 | V14: =V$3+$A14-$C14-V$1+1 -> -0.3661809 | X14: =X$3+$A14-$C14-X$1+1 -> -0.3252354 | AB14: =AB$3+$A14-$C14-AB$1+1 -> -0.6880369
A15: =A7+1 -> 3 | B15: =DEC2BIN(ROW()-4,5) -> 01011 | C15: 0.9330619 | L15: =L$3+$A15-$C15-L$1+1 -> 2.3344251 | M15: =M$3+$A15-$C15-M$1+1 -> 1.5957629 | N15: =N$3+$A15-$C15-N$1+1 -> 1.754975 | O15: =O$3+$A15-$C15-O$1+1 -> 1 | P15: =P$3+$A15-$C15-P$1+1 -> 2.0465358 | Q15: =Q$3+$A15-$C15-Q$1+1 -> 1.2742561 | R15: =R$3+$A15-$C15-R$1+1 -> 1.4291375 | S15: =S$3+$A15-$C15-S$1+1 -> 0.6250915 | ... Z15: =Z$3+$A15-$C15-Z$1+1 -> -0.3649054 | AB15: =AB$3+$A15-$C15-AB$1+1 -> 0.0669381 | AC15: =AC$3+$A15-$C15-AC$1+1 -> -0.9330619 | AD15: =AD$3+$A15-$C15-AD$1+1 -> -0.9330619 | AF15: =AF$3+$A15-$C15-AF$1+1 -> -0.9330619 | AG15: =AG$3+$A15-$C15-AG$1+1 -> -1.9330619
A16: =A8+1 -> 2 | B16: =DEC2BIN(ROW()-4,5) -> 01100 | C16: 0.9795977 | L16: =L$3+$A16-$C16-L$1+1 -> 1.2878893 | M16: =M$3+$A16-$C16-M$1+1 -> 0.5492271 | N16: =N$3+$A16-$C16-N$1+1 -> 0.7084392 | P16: =P$3+$A16-$C16-P$1+1 -> 1 | Q16: =Q$3+$A16-$C16-Q$1+1 -> 0.2277203 | R16: =R$3+$A16-$C16-R$1+1 -> 0.3826017 | T16: =T$3+$A16-$C16-T$1+1 -> 0.1208212 | U16: =U$3+$A16-$C16-U$1+1 -> -0.7544559 | V16: =V$3+$A16-$C16-V$1+1 -> -0.6577417 | X16: =X$3+$A16-$C16-X$1+1 -> -0.6167962 | AB16: =AB$3+$A16-$C16-AB$1+1 -> -0.9795977
A17: =A9+1 -> 3 | B17: =DEC2BIN(ROW()-4,5) -> 01101 | C17: 1.207318 | L17: =L$3+$A17-$C17-L$1+1 -> 2.060169 | M17: =M$3+$A17-$C17-M$1+1 -> 1.3215068 | N17: =N$3+$A17-$C17-N$1+1 -> 1.4807189 | O17: =O$3+$A17-$C17-O$1+1 -> 0.7257439 | P17: =P$3+$A17-$C17-P$1+1 -> 1.7722797 | Q17: =Q$3+$A17-$C17-Q$1+1 -> 1 | R17: =R$3+$A17-$C17-R$1+1 -> 1.1548814 | S17: =S$3+$A17-$C17-S$1+1 -> 0.3508354 | ... Z17: =Z$3+$A17-$C17-Z$1+1 -> -0.6391615 | AB17: =AB$3+$A17-$C17-AB$1+1 -> -0.207318 | AC17: =AC$3+$A17-$C17-AC$1+1 -> -1.207318 | AD17: =AD$3+$A17-$C17-AD$1+1 -> -1.207318 | AF17: =AF$3+$A17-$C17-AF$1+1 -> -1.207318 | AG17: =AG$3+$A17-$C17-AG$1+1 -> -2.207318
A18: =A10+1 -> 3 | B18: =DEC2BIN(ROW()-4,5) -> 01110 | C18: 1.3621994 | L18: =L$3+$A18-$C18-L$1+1 -> 1.9052876 | M18: =M$3+$A18-$C18-M$1+1 -> 1.1666254 | N18: =N$3+$A18-$C18-N$1+1 -> 1.3258375 | O18: =O$3+$A18-$C18-O$1+1 -> 0.5708625 | P18: =P$3+$A18-$C18-P$1+1 -> 1.6173983 | Q18: =Q$3+$A18-$C18-Q$1+1 -> 0.8451186 | R18: =R$3+$A18-$C18-R$1+1 -> 1 | S18: =S$3+$A18-$C18-S$1+1 -> 0.195954 | ... Z18: =Z$3+$A18-$C18-Z$1+1 -> -0.7940429 | AB18: =AB$3+$A18-$C18-AB$1+1 -> -0.3621994 | AC18: =AC$3+$A18-$C18-AC$1+1 -> -1.3621994 | AD18: =AD$3+$A18-$C18-AD$1+1 -> -1.3621994 | AF18: =AF$3+$A18-$C18-AF$1+1 -> -1.3621994 | AG18: =AG$3+$A18-$C18-AG$1+1 -> -2.3621994
A19: =A11+1 -> 4 | B19: =DEC2BIN(ROW()-4,5) -> 01111 | C19: 1.5581534 | L19: =L$3+$A19-$C19-L$1+1 -> 2.7093336 | M19: =M$3+$A19-$C19-M$1+1 -> 1.9706714 | N19: =N$3+$A19-$C19-N$1+1 -> 2.1298835 | O19: =O$3+$A19-$C19-O$1+1 -> 1.3749085 | P19: =P$3+$A19-$C19-P$1+1 -> 2.4214443 | Q19: =Q$3+$A19-$C19-Q$1+1 -> 1.6491646 | R19: =R$3+$A19-$C19-R$1+1 -> 1.804046 | S19: =S$3+$A19-$C19-S$1+1 -> 1 | ... AH19: =AH$3+$A19-$C19-AH$1+1 -> -1.5581534
A20: =A12+1 -> 2 | B20: =DEC2BIN(ROW()-4,5) -> 10000 | C20: 0.1004189 | T20: =T$3+$A20-$C20-T$1+1 -> 1 | U20: =U$3+$A20-$C20-U$1+1 -> 0.1247229 | V20: =V$3+$A20-$C20-V$1+1 -> 0.2214371 | X20: =X$3+$A20-$C20-X$1+1 -> 0.2623826 | AB20: =AB$3+$A20-$C20-AB$1+1 -> -0.1004189
A21: =A13+1 -> 3 | B21: =DEC2BIN(ROW()-4,5) -> 10001 | C21: 0.2251418 | T21: =T$3+$A21-$C21-T$1+1 -> 1.8752771 | U21: =U$3+$A21-$C21-U$1+1 -> 1 | V21: =V$3+$A21-$C21-V$1+1 -> 1.0967142 | W21: =W$3+$A21-$C21-W$1+1 -> 0.2211493 | X21: =X$3+$A21-$C21-X$1+1 -> 1.1376597 | Y21: =Y$3+$A21-$C21-Y$1+1 -> 0.2737114 | Z21: =Z$3+$A21-$C21-Z$1+1 -> 0.3430147 | AB21: =AB$3+$A21-$C21-AB$1+1 -> 0.7748582 | AC21: =AC$3+$A21-$C21-AC$1+1 -> -0.2251418 | AD21: =AD$3+$A21-$C21-AD$1+1 -> -0.2251418 | AF21: =AF$3+$A21-$C21-AF$1+1 -> -0.2251418 | AG21: =AG$3+$A21-$C21-AG$1+1 -> -1.2251418
A22: =A14+1 -> 3 | B22: =DEC2BIN(ROW()-4,5) -> 10010 | C22: 0.321856 | T22: =T$3+$A22-$C22-T$1+1 -> 1.7785629 | U22: =U$3+$A22-$C22-U$1+1 -> 0.9032858 | V22: =V$3+$A22-$C22-V$1+1 -> 1 | W22: =W$3+$A22-$C22-W$1+1 -> 0.1244351 | X22: =X$3+$A22-$C22-X$1+1 -> 1.0409455 | Y22: =Y$3+$A22-$C22-Y$1+1 -> 0.1769972 | Z22: =Z$3+$A22-$C22-Z$1+1 -> 0.2463005 | AB22: =AB$3+$A22-$C22-AB$1+1 -> 0.678144 | AC22: =AC$3+$A22-$C22-AC$1+1 -> -0.321856 | AD22: =AD$3+$A22-$C22-AD$1+1 -> -0.321856 | AF22: =AF$3+$A22-$C22-AF$1+1 -> -0.321856 | AG22: =AG$3+$A22-$C22-AG$1+1 -> -1.321856
A23: =A15+1 -> 4 | B23: =DEC2BIN(ROW()-4,5) -> 10011 | C23: 0.4462911 | T23: =T$3+$A23-$C23-T$1+1 -> 2.6541278 | U23: =U$3+$A23-$C23-U$1+1 -> 1.7788507 | V23: =V$3+$A23-$C23-V$1+1 -> 1.8755649 | W23: =W$3+$A23-$C23-W$1+1 -> 1 | X23: =X$3+$A23-$C23-X$1+1 -> 1.9165104 | Y23: =Y$3+$A23-$C23-Y$1+1 -> 1.0525621 | Z23: =Z$3+$A23-$C23-Z$1+1 -> 1.1218654 | AA23: =AA$3+$A23-$C23-AA$1+1 -> 0.326632 | ... AH23: =AH$3+$A23-$C23-AH$1+1 -> -0.4462911
A24: =A16+1 -> 3 | B24: =DEC2BIN(ROW()-4,5) -> 10100 | C24: 0.3628015 | T24: =T$3+$A24-$C24-T$1+1 -> 1.7376174 | U24: =U$3+$A24-$C24-U$1+1 -> 0.8623403 | V24: =V$3+$A24-$C24-V$1+1 -> 0.9590545 | X24: =X$3+$A24-$C24-X$1+1 -> 1 | Y24: =Y$3+$A24-$C24-Y$1+1 -> 0.1360517 | Z24: =Z$3+$A24-$C24-Z$1+1 -> 0.205355 | AB24: =AB$3+$A24-$C24-AB$1+1 -> 0.6371985 | AC24: =AC$3+$A24-$C24-AC$1+1 -> -0.3628015 | AD24: =AD$3+$A24-$C24-AD$1+1 -> -0.3628015 | AF24: =AF$3+$A24-$C24-AF$1+1 -> -0.3628015 | AG24: =AG$3+$A24-$C24-AG$1+1 -> -1.3628015
A25: =A17+1 -> 4 | B25: =DEC2BIN(ROW()-4,5) -> 10101 | C25: 0.4988532 | T25: =T$3+$A25-$C25-T$1+1 -> 2.6015657 | U25: =U$3+$A25-$C25-U$1+1 -> 1.7262886 | V25: =V$3+$A25-$C25-V$1+1 -> 1.8230028 | W25: =W$3+$A25-$C25-W$1+1 -> 0.9474379 | X25: =X$3+$A25-$C25-X$1+1 -> 1.8639483 | Y25: =Y$3+$A25-$C25-Y$1+1 -> 1 | Z25: =Z$3+$A25-$C25-Z$1+1 -> 1.0693033 | AA25: =AA$3+$A25-$C25-AA$1+1 -> 0.2740699 | ... AH25: =AH$3+$A25-$C25-AH$1+1 -> -0.4988532
A26: =A18+1 -> 4 | B26: =DEC2BIN(ROW()-4,5) -> 10110 | C26: 0.5681565 | T26: =T$3+$A26-$C26-T$1+1 -> 2.5322624 | U26: =U$3+$A26-$C26-U$1+1 -> 1.6569853 | V26: =V$3+$A26-$C26-V$1+1 -> 1.7536995 | W26: =W$3+$A26-$C26-W$1+1 -> 0.8781346 | X26: =X$3+$A26-$C26-X$1+1 -> 1.794645 | Y26: =Y$3+$A26-$C26-Y$1+1 -> 0.9306967 | Z26: =Z$3+$A26-$C26-Z$1+1 -> 1 | AA26: =AA$3+$A26-$C26-AA$1+1 -> 0.2047666 | ... AH26: =AH$3+$A26-$C26-AH$1+1 -> -0.5681565
A27: =A19+1 -> 5 | B27: =DEC2BIN(ROW()-4,5) -> 10111 | C27: 0.7729231 | T27: =T$3+$A27-$C27-T$1+1 -> 3.3274958 | U27: =U$3+$A27-$C27-U$1+1 -> 2.4522187 | V27: =V$3+$A27-$C27-V$1+1 -> 2.5489329 | W27: =W$3+$A27-$C27-W$1+1 -> 1.673368 | X27: =X$3+$A27-$C27-X$1+1 -> 2.5898784 | Y27: =Y$3+$A27-$C27-Y$1+1 -> 1.7259301 | Z27: =Z$3+$A27-$C27-Z$1+1 -> 1.7952334 | AA27: =AA$3+$A27-$C27-AA$1+1 -> 1 | ... AI27: =AI$3+$A27-$C27-AI$1+1 -> -0.7729231

Sheet 2021
D1: 0 | E1: 1 | F1: 1 | G1: 2 | H1: 1 | I1: 2 | J1: 2 | K1: 3 | L1: =D1+1 -> 1 | M1: =E1+1 -> 2 | N1: =F1+1 -> 2 | O1: =G1+1 -> 3 | P1: =H1+1 -> 2 | Q1: =I1+1 -> 3 | R1: =J1+1 -> 3 | S1: =K1+1 -> 4 | ... AI1: =AA1+1 -> 6
D2: =DEC2BIN(COLUMN()-4,5) -> 00000 | E2: =DEC2BIN(COLUMN()-4,5) -> 00001 | F2: =DEC2BIN(COLUMN()-4,5) -> 00010 | G2: =DEC2BIN(COLUMN()-4,5) -> 00011 | H2: =DEC2BIN(COLUMN()-4,5) -> 00100 | I2: =DEC2BIN(COLUMN()-4,5) -> 00101 | J2: =DEC2BIN(COLUMN()-4,5) -> 00110 | K2: =DEC2BIN(COLUMN()-4,5) -> 00111 | ... AI2: =DEC2BIN(COLUMN()-4,5) -> 11111
D3: 0.520987 | E3: 0.9225446 | F3: 1.1506003 | G3: 1.5732567 | H3: 1.4004983 | I3: 1.8090759 | J3: 2.0507569 | K3: 2.4682759 | L3: 0.2708115 | M3: 0.536383 | N3: 0.6876538 | O3: 0.9523786 | P3: 0.959608 | Q3: 1.1861885 | R3: 1.3796395 | S3: 1.6885375 | T3: 0.1059898 | U3: 0.2363535 | V3: 0.3252666 | W3: 0.4659218 | X3: 0.3820603 | Y3: 0.5172801 | Z3: 0.5966426 | AA3: 0.8363483 | AB3: 0 | AC3: 0 | AD3: 0 | AE3: 0 | AF3: 0 | AG3: 0 | AH3: 0 | AI3: 0
A4: 0 | B4: =DEC2BIN(ROW()-4,5) -> 00000 | C4: 0.520987 | D4: =D$3+$A4-$C4-D$1+1 -> 1 | E4: =E$3+$A4-$C4-E$1+1 -> 0.4015576 | F4: =F$3+$A4-$C4-F$1+1 -> 0.6296133 | H4: =H$3+$A4-$C4-H$1+1 -> 0.8795113 | L4: =L$3+$A4-$C4-L$1+1 -> -0.2501755
A5: 1 | B5: =DEC2BIN(ROW()-4,5) -> 00001 | C5: 0.9225446 | D5: =D$3+$A5-$C5-D$1+1 -> 1.5984424 | E5: =E$3+$A5-$C5-E$1+1 -> 1 | F5: =F$3+$A5-$C5-F$1+1 -> 1.2280557 | G5: =G$3+$A5-$C5-G$1+1 -> 0.6507121 | H5: =H$3+$A5-$C5-H$1+1 -> 1.4779537 | I5: =I$3+$A5-$C5-I$1+1 -> 0.8865313 | J5: =J$3+$A5-$C5-J$1+1 -> 1.1282123 | L5: =L$3+$A5-$C5-L$1+1 -> 0.3482669 | M5: =M$3+$A5-$C5-M$1+1 -> -0.3861616 | N5: =N$3+$A5-$C5-N$1+1 -> -0.2348908 | P5: =P$3+$A5-$C5-P$1+1 -> 0.0370634 | T5: =T$3+$A5-$C5-T$1+1 -> -0.8165548
A6: 1 | B6: =DEC2BIN(ROW()-4,5) -> 00010 | C6: 1.1506003 | D6: =D$3+$A6-$C6-D$1+1 -> 1.3703867 | E6: =E$3+$A6-$C6-E$1+1 -> 0.7719443 | F6: =F$3+$A6-$C6-F$1+1 -> 1 | G6: =G$3+$A6-$C6-G$1+1 -> 0.4226564 | H6: =H$3+$A6-$C6-H$1+1 -> 1.249898 | I6: =I$3+$A6-$C6-I$1+1 -> 0.6584756 | J6: =J$3+$A6-$C6-J$1+1 -> 0.9001566 | L6: =L$3+$A6-$C6-L$1+1 -> 0.1202112 | M6: =M$3+$A6-$C6-M$1+1 -> -0.6142173 | N6: =N$3+$A6-$C6-N$1+1 -> -0.4629465 | P6: =P$3+$A6-$C6-P$1+1 -> -0.1909923 | T6: =T$3+$A6-$C6-T$1+1 -> -1.0446105
A7: 2 | B7: =DEC2BIN(ROW()-4,5) -> 00011 | C7: 1.5732567 | D7: =D$3+$A7-$C7-D$1+1 -> 1.9477303 | E7: =E$3+$A7-$C7-E$1+1 -> 1.3492879 | F7: =F$3+$A7-$C7-F$1+1 -> 1.5773436 | G7: =G$3+$A7-$C7-G$1+1 -> 1 | H7: =H$3+$A7-$C7-H$1+1 -> 1.8272416 | I7: =I$3+$A7-$C7-I$1+1 -> 1.2358192 | J7: =J$3+$A7-$C7-J$1+1 -> 1.4775002 | K7: =K$3+$A7-$C7-K$1+1 -> 0.8950192 | ... R7: =R$3+$A7-$C7-R$1+1 -> -0.1936172 | T7: =T$3+$A7-$C7-T$1+1 -> -0.4672669 | U7: =U$3+$A7-$C7-U$1+1 -> -1.3369032 | V7: =V$3+$A7-$C7-V$1+1 -> -1.2479901 | X7: =X$3+$A7-$C7-X$1+1 -> -1.1911964 | AB7: =AB$3+$A7-$C7-AB$1+1 -> -1.5732567
A8: 1 | B8: =DEC2BIN(ROW()-4,5) -> 00100 | C8: 1.4004983 | D8: =D$3+$A8-$C8-D$1+1 -> 1.1204887 | E8: =E$3+$A8-$C8-E$1+1 -> 0.5220463 | F8: =F$3+$A8-$C8-F$1+1 -> 0.750102 | H8: =H$3+$A8-$C8-H$1+1 -> 1 | I8: =I$3+$A8-$C8-I$1+1 -> 0.4085776 | J8: =J$3+$A8-$C8-J$1+1 -> 0.6502586 | L8: =L$3+$A8-$C8-L$1+1 -> -0.1296868 | M8: =M$3+$A8-$C8-M$1+1 -> -0.8641153 | N8: =N$3+$A8-$C8-N$1+1 -> -0.7128445 | P8: =P$3+$A8-$C8-P$1+1 -> -0.4408903 | T8: =T$3+$A8-$C8-T$1+1 -> -1.2945085
A9: 2 | B9: =DEC2BIN(ROW()-4,5) -> 00101 | C9: 1.8090759 | D9: =D$3+$A9-$C9-D$1+1 -> 1.7119111 | E9: =E$3+$A9-$C9-E$1+1 -> 1.1134687 | F9: =F$3+$A9-$C9-F$1+1 -> 1.3415244 | G9: =G$3+$A9-$C9-G$1+1 -> 0.7641808 | H9: =H$3+$A9-$C9-H$1+1 -> 1.5914224 | I9: =I$3+$A9-$C9-I$1+1 -> 1 | J9: =J$3+$A9-$C9-J$1+1 -> 1.241681 | K9: =K$3+$A9-$C9-K$1+1 -> 0.6592 | ... R9: =R$3+$A9-$C9-R$1+1 -> -0.4294364 | T9: =T$3+$A9-$C9-T$1+1 -> -0.7030861 | U9: =U$3+$A9-$C9-U$1+1 -> -1.5727224 | V9: =V$3+$A9-$C9-V$1+1 -> -1.4838093 | X9: =X$3+$A9-$C9-X$1+1 -> -1.4270156 | AB9: =AB$3+$A9-$C9-AB$1+1 -> -1.8090759
A10: 2 | B10: =DEC2BIN(ROW()-4,5) -> 00110 | C10: 2.0507569 | D10: =D$3+$A10-$C10-D$1+1 -> 1.4702301 | E10: =E$3+$A10-$C10-E$1+1 -> 0.8717877 | F10: =F$3+$A10-$C10-F$1+1 -> 1.0998434 | G10: =G$3+$A10-$C10-G$1+1 -> 0.5224998 | H10: =H$3+$A10-$C10-H$1+1 -> 1.3497414 | I10: =I$3+$A10-$C10-I$1+1 -> 0.758319 | J10: =J$3+$A10-$C10-J$1+1 -> 1 | K10: =K$3+$A10-$C10-K$1+1 -> 0.417519 | ... R10: =R$3+$A10-$C10-R$1+1 -> -0.6711174 | T10: =T$3+$A10-$C10-T$1+1 -> -0.9447671 | U10: =U$3+$A10-$C10-U$1+1 -> -1.8144034 | V10: =V$3+$A10-$C10-V$1+1 -> -1.7254903 | X10: =X$3+$A10-$C10-X$1+1 -> -1.6686966 | AB10: =AB$3+$A10-$C10-AB$1+1 -> -2.0507569
A11: 3 | B11: =DEC2BIN(ROW()-4,5) -> 00111 | C11: 2.4682759 | D11: =D$3+$A11-$C11-D$1+1 -> 2.0527111 | E11: =E$3+$A11-$C11-E$1+1 -> 1.4542687 | F11: =F$3+$A11-$C11-F$1+1 -> 1.6823244 | G11: =G$3+$A11-$C11-G$1+1 -> 1.1049808 | H11: =H$3+$A11-$C11-H$1+1 -> 1.9322224 | I11: =I$3+$A11-$C11-I$1+1 -> 1.3408 | J11: =J$3+$A11-$C11-J$1+1 -> 1.582481 | K11: =K$3+$A11-$C11-K$1+1 -> 1 | ... Z11: =Z$3+$A11-$C11-Z$1+1 -> -1.8716333 | AB11: =AB$3+$A11-$C11-AB$1+1 -> -1.4682759 | AC11: =AC$3+$A11-$C11-AC$1+1 -> -2.4682759 | AD11: =AD$3+$A11-$C11-AD$1+1 -> -2.4682759 | AF11: =AF$3+$A11-$C11-AF$1+1 -> -2.4682759
A12: =A4+1 -> 1 | B12: =DEC2BIN(ROW()-4,5) -> 01000 | C12: 0.2708115 | L12: =L$3+$A12-$C12-L$1+1 -> 1 | M12: =M$3+$A12-$C12-M$1+1 -> 0.2655715 | N12: =N$3+$A12-$C12-N$1+1 -> 0.4168423 | P12: =P$3+$A12-$C12-P$1+1 -> 0.6887965 | T12: =T$3+$A12-$C12-T$1+1 -> -0.1648217
A13: =A5+1 -> 2 | B13: =DEC2BIN(ROW()-4,5) -> 01001 | C13: 0.536383 | L13: =L$3+$A13-$C13-L$1+1 -> 1.7344285 | M13: =M$3+$A13-$C13-M$1+1 -> 1 | N13: =N$3+$A13-$C13-N$1+1 -> 1.1512708 | O13: =O$3+$A13-$C13-O$1+1 -> 0.4159956 | P13: =P$3+$A13-$C13-P$1+1 -> 1.423225 | Q13: =Q$3+$A13-$C13-Q$1+1 -> 0.6498055 | R13: =R$3+$A13-$C13-R$1+1 -> 0.8432565 | T13: =T$3+$A13-$C13-T$1+1 -> 0.5696068 | U13: =U$3+$A13-$C13-U$1+1 -> -0.3000295 | V13: =V$3+$A13-$C13-V$1+1 -> -0.2111164 | X13: =X$3+$A13-$C13-X$1+1 -> -0.1543227 | AB13: =AB$3+$A13-$C13-AB$1+1 -> -0.536383
A14: =A6+1 -> 2 | B14: =DEC2BIN(ROW()-4,5) -> 01010 | C14: 0.6876538 | L14: =L$3+$A14-$C14-L$1+1 -> 1.5831577 | M14: =M$3+$A14-$C14-M$1+1 -> 0.8487292 | N14: =N$3+$A14-$C14-N$1+1 -> 1 | O14: =O$3+$A14-$C14-O$1+1 -> 0.2647248 | P14: =P$3+$A14-$C14-P$1+1 -> 1.2719542 | Q14: =Q$3+$A14-$C14-Q$1+1 -> 0.4985347 | R14: =R$3+$A14-$C14-R$1+1 -> 0.6919857 | T14: =T$3+$A14-$C14-T$1+1 -> 0.418336 | U14: =U$3+$A14-$C14-U$1+1 -> -0.4513003 | V14: =V$3+$A14-$C14-V$1+1 -> -0.3623872 | X14: =X$3+$A14-$C14-X$1+1 -> -0.3055935 | AB14: =AB$3+$A14-$C14-AB$1+1 -> -0.6876538
A15: =A7+1 -> 3 | B15: =DEC2BIN(ROW()-4,5) -> 01011 | C15: 0.9523786 | L15: =L$3+$A15-$C15-L$1+1 -> 2.3184329 | M15: =M$3+$A15-$C15-M$1+1 -> 1.5840044 | N15: =N$3+$A15-$C15-N$1+1 -> 1.7352752 | O15: =O$3+$A15-$C15-O$1+1 -> 1 | P15: =P$3+$A15-$C15-P$1+1 -> 2.0072294 | Q15: =Q$3+$A15-$C15-Q$1+1 -> 1.2338099 | R15: =R$3+$A15-$C15-R$1+1 -> 1.4272609 | S15: =S$3+$A15-$C15-S$1+1 -> 0.7361589 | ... Z15: =Z$3+$A15-$C15-Z$1+1 -> -0.355736 | AB15: =AB$3+$A15-$C15-AB$1+1 -> 0.0476214 | AC15: =AC$3+$A15-$C15-AC$1+1 -> -0.9523786 | AD15: =AD$3+$A15-$C15-AD$1+1 -> -0.9523786 | AF15: =AF$3+$A15-$C15-AF$1+1 -> -0.9523786 | AG15: =AG$3+$A15-$C15-AG$1+1 -> -1.9523786
A16: =A8+1 -> 2 | B16: =DEC2BIN(ROW()-4,5) -> 01100 | C16: 0.959608 | L16: =L$3+$A16-$C16-L$1+1 -> 1.3112035 | M16: =M$3+$A16-$C16-M$1+1 -> 0.576775 | N16: =N$3+$A16-$C16-N$1+1 -> 0.7280458 | P16: =P$3+$A16-$C16-P$1+1 -> 1 | Q16: =Q$3+$A16-$C16-Q$1+1 -> 0.2265805 | R16: =R$3+$A16-$C16-R$1+1 -> 0.4200315 | T16: =T$3+$A16-$C16-T$1+1 -> 0.1463818 | U16: =U$3+$A16-$C16-U$1+1 -> -0.7232545 | V16: =V$3+$A16-$C16-V$1+1 -> -0.6343414 | X16: =X$3+$A16-$C16-X$1+1 -> -0.5775477 | AB16: =AB$3+$A16-$C16-AB$1+1 -> -0.959608
A17: =A9+1 -> 3 | B17: =DEC2BIN(ROW()-4,5) -> 01101 | C17: 1.1861885 | L17: =L$3+$A17-$C17-L$1+1 -> 2.084623 | M17: =M$3+$A17-$C17-M$1+1 -> 1.3501945 | N17: =N$3+$A17-$C17-N$1+1 -> 1.5014653 | O17: =O$3+$A17-$C17-O$1+1 -> 0.7661901 | P17: =P$3+$A17-$C17-P$1+1 -> 1.7734195 | Q17: =Q$3+$A17-$C17-Q$1+1 -> 1 | R17: =R$3+$A17-$C17-R$1+1 -> 1.193451 | S17: =S$3+$A17-$C17-S$1+1 -> 0.502349 | ... Z17: =Z$3+$A17-$C17-Z$1+1 -> -0.5895459 | AB17: =AB$3+$A17-$C17-AB$1+1 -> -0.1861885 | AC17: =AC$3+$A17-$C17-AC$1+1 -> -1.1861885 | AD17: =AD$3+$A17-$C17-AD$1+1 -> -1.1861885 | AF17: =AF$3+$A17-$C17-AF$1+1 -> -1.1861885 | AG17: =AG$3+$A17-$C17-AG$1+1 -> -2.1861885
A18: =A10+1 -> 3 | B18: =DEC2BIN(ROW()-4,5) -> 01110 | C18: 1.3796395 | L18: =L$3+$A18-$C18-L$1+1 -> 1.891172 | M18: =M$3+$A18-$C18-M$1+1 -> 1.1567435 | N18: =N$3+$A18-$C18-N$1+1 -> 1.3080143 | O18: =O$3+$A18-$C18-O$1+1 -> 0.5727391 | P18: =P$3+$A18-$C18-P$1+1 -> 1.5799685 | Q18: =Q$3+$A18-$C18-Q$1+1 -> 0.806549 | R18: =R$3+$A18-$C18-R$1+1 -> 1 | S18: =S$3+$A18-$C18-S$1+1 -> 0.308898 | ... Z18: =Z$3+$A18-$C18-Z$1+1 -> -0.7829969 | AB18: =AB$3+$A18-$C18-AB$1+1 -> -0.3796395 | AC18: =AC$3+$A18-$C18-AC$1+1 -> -1.3796395 | AD18: =AD$3+$A18-$C18-AD$1+1 -> -1.3796395 | AF18: =AF$3+$A18-$C18-AF$1+1 -> -1.3796395 | AG18: =AG$3+$A18-$C18-AG$1+1 -> -2.3796395
A19: =A11+1 -> 4 | B19: =DEC2BIN(ROW()-4,5) -> 01111 | C19: 1.6885375 | L19: =L$3+$A19-$C19-L$1+1 -> 2.582274 | M19: =M$3+$A19-$C19-M$1+1 -> 1.8478455 | N19: =N$3+$A19-$C19-N$1+1 -> 1.9991163 | O19: =O$3+$A19-$C19-O$1+1 -> 1.2638411 | P19: =P$3+$A19-$C19-P$1+1 -> 2.2710705 | Q19: =Q$3+$A19-$C19-Q$1+1 -> 1.497651 | R19: =R$3+$A19-$C19-R$1+1 -> 1.691102 | S19: =S$3+$A19-$C19-S$1+1 -> 1 | ... AH19: =AH$3+$A19-$C19-AH$1+1 -> -1.6885375
A20: =A12+1 -> 2 | B20: =DEC2BIN(ROW()-4,5) -> 10000 | C20: 0.1059898 | T20: =T$3+$A20-$C20-T$1+1 -> 1 | U20: =U$3+$A20-$C20-U$1+1 -> 0.1303637 | V20: =V$3+$A20-$C20-V$1+1 -> 0.2192768 | X20: =X$3+$A20-$C20-X$1+1 -> 0.2760705 | AB20: =AB$3+$A20-$C20-AB$1+1 -> -0.1059898
A21: =A13+1 -> 3 | B21: =DEC2BIN(ROW()-4,5) -> 10001 | C21: 0.2363535 | T21: =T$3+$A21-$C21-T$1+1 -> 1.8696363 | U21: =U$3+$A21-$C21-U$1+1 -> 1 | V21: =V$3+$A21-$C21-V$1+1 -> 1.0889131 | W21: =W$3+$A21-$C21-W$1+1 -> 0.2295683 | X21: =X$3+$A21-$C21-X$1+1 -> 1.1457068 | Y21: =Y$3+$A21-$C21-Y$1+1 -> 0.2809266 | Z21: =Z$3+$A21-$C21-Z$1+1 -> 0.3602891 | AB21: =AB$3+$A21-$C21-AB$1+1 -> 0.7636465 | AC21: =AC$3+$A21-$C21-AC$1+1 -> -0.2363535 | AD21: =AD$3+$A21-$C21-AD$1+1 -> -0.2363535 | AF21: =AF$3+$A21-$C21-AF$1+1 -> -0.2363535 | AG21: =AG$3+$A21-$C21-AG$1+1 -> -1.2363535
A22: =A14+1 -> 3 | B22: =DEC2BIN(ROW()-4,5) -> 10010 | C22: 0.3252666 | T22: =T$3+$A22-$C22-T$1+1 -> 1.7807232 | U22: =U$3+$A22-$C22-U$1+1 -> 0.9110869 | V22: =V$3+$A22-$C22-V$1+1 -> 1 | W22: =W$3+$A22-$C22-W$1+1 -> 0.1406552 | X22: =X$3+$A22-$C22-X$1+1 -> 1.0567937 | Y22: =Y$3+$A22-$C22-Y$1+1 -> 0.1920135 | Z22: =Z$3+$A22-$C22-Z$1+1 -> 0.271376 | AB22: =AB$3+$A22-$C22-AB$1+1 -> 0.6747334 | AC22: =AC$3+$A22-$C22-AC$1+1 -> -0.3252666 | AD22: =AD$3+$A22-$C22-AD$1+1 -> -0.3252666 | AF22: =AF$3+$A22-$C22-AF$1+1 -> -0.3252666 | AG22: =AG$3+$A22-$C22-AG$1+1 -> -1.3252666
A23: =A15+1 -> 4 | B23: =DEC2BIN(ROW()-4,5) -> 10011 | C23: 0.4659218 | T23: =T$3+$A23-$C23-T$1+1 -> 2.640068 | U23: =U$3+$A23-$C23-U$1+1 -> 1.7704317 | V23: =V$3+$A23-$C23-V$1+1 -> 1.8593448 | W23: =W$3+$A23-$C23-W$1+1 -> 1 | X23: =X$3+$A23-$C23-X$1+1 -> 1.9161385 | Y23: =Y$3+$A23-$C23-Y$1+1 -> 1.0513583 | Z23: =Z$3+$A23-$C23-Z$1+1 -> 1.1307208 | AA23: =AA$3+$A23-$C23-AA$1+1 -> 0.3704265 | ... AH23: =AH$3+$A23-$C23-AH$1+1 -> -0.4659218
A24: =A16+1 -> 3 | B24: =DEC2BIN(ROW()-4,5) -> 10100 | C24: 0.3820603 | T24: =T$3+$A24-$C24-T$1+1 -> 1.7239295 | U24: =U$3+$A24-$C24-U$1+1 -> 0.8542932 | V24: =V$3+$A24-$C24-V$1+1 -> 0.9432063 | X24: =X$3+$A24-$C24-X$1+1 -> 1 | Y24: =Y$3+$A24-$C24-Y$1+1 -> 0.1352198 | Z24: =Z$3+$A24-$C24-Z$1+1 -> 0.2145823 | AB24: =AB$3+$A24-$C24-AB$1+1 -> 0.6179397 | AC24: =AC$3+$A24-$C24-AC$1+1 -> -0.3820603 | AD24: =AD$3+$A24-$C24-AD$1+1 -> -0.3820603 | AF24: =AF$3+$A24-$C24-AF$1+1 -> -0.3820603 | AG24: =AG$3+$A24-$C24-AG$1+1 -> -1.3820603
A25: =A17+1 -> 4 | B25: =DEC2BIN(ROW()-4,5) -> 10101 | C25: 0.5172801 | T25: =T$3+$A25-$C25-T$1+1 -> 2.5887097 | U25: =U$3+$A25-$C25-U$1+1 -> 1.7190734 | V25: =V$3+$A25-$C25-V$1+1 -> 1.8079865 | W25: =W$3+$A25-$C25-W$1+1 -> 0.9486417 | X25: =X$3+$A25-$C25-X$1+1 -> 1.8647802 | Y25: =Y$3+$A25-$C25-Y$1+1 -> 1 | Z25: =Z$3+$A25-$C25-Z$1+1 -> 1.0793625 | AA25: =AA$3+$A25-$C25-AA$1+1 -> 0.3190682 | ... AH25: =AH$3+$A25-$C25-AH$1+1 -> -0.5172801
A26: =A18+1 -> 4 | B26: =DEC2BIN(ROW()-4,5) -> 10110 | C26: 0.5966426 | T26: =T$3+$A26-$C26-T$1+1 -> 2.5093472 | U26: =U$3+$A26-$C26-U$1+1 -> 1.6397109 | V26: =V$3+$A26-$C26-V$1+1 -> 1.728624 | W26: =W$3+$A26-$C26-W$1+1 -> 0.8692792 | X26: =X$3+$A26-$C26-X$1+1 -> 1.7854177 | Y26: =Y$3+$A26-$C26-Y$1+1 -> 0.9206375 | Z26: =Z$3+$A26-$C26-Z$1+1 -> 1 | AA26: =AA$3+$A26-$C26-AA$1+1 -> 0.2397057 | ... AH26: =AH$3+$A26-$C26-AH$1+1 -> -0.5966426
A27: =A19+1 -> 5 | B27: =DEC2BIN(ROW()-4,5) -> 10111 | C27: 0.8363483 | T27: =T$3+$A27-$C27-T$1+1 -> 3.2696415 | U27: =U$3+$A27-$C27-U$1+1 -> 2.4000052 | V27: =V$3+$A27-$C27-V$1+1 -> 2.4889183 | W27: =W$3+$A27-$C27-W$1+1 -> 1.6295735 | X27: =X$3+$A27-$C27-X$1+1 -> 2.545712 | Y27: =Y$3+$A27-$C27-Y$1+1 -> 1.6809318 | Z27: =Z$3+$A27-$C27-Z$1+1 -> 1.7602943 | AA27: =AA$3+$A27-$C27-AA$1+1 -> 1 | ... AI27: =AI$3+$A27-$C27-AI$1+1 -> -0.8363483

Sheet 2021d2018
C3: From/To | D3: =DEC2BIN(COLUMN()-4,5) -> 00000 | E3: =DEC2BIN(COLUMN()-4,5) -> 00001 | F3: =DEC2BIN(COLUMN()-4,5) -> 00010 | G3: =DEC2BIN(COLUMN()-4,5) -> 00011 | H3: =DEC2BIN(COLUMN()-4,5) -> 00100 | I3: =DEC2BIN(COLUMN()-4,5) -> 00101 | J3: =DEC2BIN(COLUMN()-4,5) -> 00110 | K3: =DEC2BIN(COLUMN()-4,5) -> 00111 | ... AI3: =DEC2BIN(COLUMN()-4,5) -> 11111
C4: =DEC2BIN(ROW()-4,5) -> 00000 | D4: =IF(ISBLANK('2021'!D4),"",'2021'!D4-'2018'!D4) -> 0 | E4: =IF(ISBLANK('2021'!E4),"",'2021'!E4-'2018'!E4) -> 0.009101 | F4: =IF(ISBLANK('2021'!F4),"",'2021'!F4-'2018'!F4) -> 0.0041891 | G4: =IF(ISBLANK('2021'!G4),"",'2021'!G4-'2018'!G4) | H4: =IF(ISBLANK('2021'!H4),"",'2021'!H4-'2018'!H4) -> 0.0051013 | I4: =IF(ISBLANK('2021'!I4),"",'2021'!I4-'2018'!I4) | J4: =IF(ISBLANK('2021'!J4),"",'2021'!J4-'2018'!J4) | K4: =IF(ISBLANK('2021'!K4),"",'2021'!K4-'2018'!K4) | ... AI4: =IF(ISBLANK('2021'!AI4),"",'2021'!AI4-'2018'!AI4)
C5: =DEC2BIN(ROW()-4,5) -> 00001 | D5: =IF(ISBLANK('2021'!D5),"",'2021'!D5-'2018'!D5) -> -0.009101 | E5: =IF(ISBLANK('2021'!E5),"",'2021'!E5-'2018'!E5) -> 0 | F5: =IF(ISBLANK('2021'!F5),"",'2021'!F5-'2018'!F5) -> -0.0049119 | G5: =IF(ISBLANK('2021'!G5),"",'2021'!G5-'2018'!G5) -> 0.0702414 | H5: =IF(ISBLANK('2021'!H5),"",'2021'!H5-'2018'!H5) -> -0.0039997 | I5: =IF(ISBLANK('2021'!I5),"",'2021'!I5-'2018'!I5) -> 0.0089294 | J5: =IF(ISBLANK('2021'!J5),"",'2021'!J5-'2018'!J5) -> 0.0658982 | K5: =IF(ISBLANK('2021'!K5),"",'2021'!K5-'2018'!K5) | ... AI5: =IF(ISBLANK('2021'!AI5),"",'2021'!AI5-'2018'!AI5)
C6: =DEC2BIN(ROW()-4,5) -> 00010 | D6: =IF(ISBLANK('2021'!D6),"",'2021'!D6-'2018'!D6) -> -0.0041891 | E6: =IF(ISBLANK('2021'!E6),"",'2021'!E6-'2018'!E6) -> 0.0049119 | F6: =IF(ISBLANK('2021'!F6),"",'2021'!F6-'2018'!F6) -> -2.220446e-16 | G6: =IF(ISBLANK('2021'!G6),"",'2021'!G6-'2018'!G6) -> 0.0751533 | H6: =IF(ISBLANK('2021'!H6),"",'2021'!H6-'2018'!H6) -> 0.0009122 | I6: =IF(ISBLANK('2021'!I6),"",'2021'!I6-'2018'!I6) -> 0.0138413 | J6: =IF(ISBLANK('2021'!J6),"",'2021'!J6-'2018'!J6) -> 0.0708101 | K6: =IF(ISBLANK('2021'!K6),"",'2021'!K6-'2018'!K6) | ... AI6: =IF(ISBLANK('2021'!AI6),"",'2021'!AI6-'2018'!AI6)
C7: =DEC2BIN(ROW()-4,5) -> 00011 | D7: =IF(ISBLANK('2021'!D7),"",'2021'!D7-'2018'!D7) -> -0.0793424 | E7: =IF(ISBLANK('2021'!E7),"",'2021'!E7-'2018'!E7) -> -0.0702414 | F7: =IF(ISBLANK('2021'!F7),"",'2021'!F7-'2018'!F7) -> -0.0751533 | G7: =IF(ISBLANK('2021'!G7),"",'2021'!G7-'2018'!G7) -> 0 | H7: =IF(ISBLANK('2021'!H7),"",'2021'!H7-'2018'!H7) -> -0.0742411 | I7: =IF(ISBLANK('2021'!I7),"",'2021'!I7-'2018'!I7) -> -0.061312 | J7: =IF(ISBLANK('2021'!J7),"",'2021'!J7-'2018'!J7) -> -0.0043432 | K7: =IF(ISBLANK('2021'!K7),"",'2021'!K7-'2018'!K7) -> 0.0125136 | ... AI7: =IF(ISBLANK('2021'!AI7),"",'2021'!AI7-'2018'!AI7)
C8: =DEC2BIN(ROW()-4,5) -> 00100 | D8: =IF(ISBLANK('2021'!D8),"",'2021'!D8-'2018'!D8) -> -0.0051013 | E8: =IF(ISBLANK('2021'!E8),"",'2021'!E8-'2018'!E8) -> 0.0039997 | F8: =IF(ISBLANK('2021'!F8),"",'2021'!F8-'2018'!F8) -> -0.0009122 | G8: =IF(ISBLANK('2021'!G8),"",'2021'!G8-'2018'!G8) | H8: =IF(ISBLANK('2021'!H8),"",'2021'!H8-'2018'!H8) -> 0 | I8: =IF(ISBLANK('2021'!I8),"",'2021'!I8-'2018'!I8) -> 0.0129291 | J8: =IF(ISBLANK('2021'!J8),"",'2021'!J8-'2018'!J8) -> 0.0698979 | K8: =IF(ISBLANK('2021'!K8),"",'2021'!K8-'2018'!K8) | ... AI8: =IF(ISBLANK('2021'!AI8),"",'2021'!AI8-'2018'!AI8)
C9: =DEC2BIN(ROW()-4,5) -> 00101 | D9: =IF(ISBLANK('2021'!D9),"",'2021'!D9-'2018'!D9) -> -0.0180304 | E9: =IF(ISBLANK('2021'!E9),"",'2021'!E9-'2018'!E9) -> -0.0089294 | F9: =IF(ISBLANK('2021'!F9),"",'2021'!F9-'2018'!F9) -> -0.0138413 | G9: =IF(ISBLANK('2021'!G9),"",'2021'!G9-'2018'!G9) -> 0.061312 | H9: =IF(ISBLANK('2021'!H9),"",'2021'!H9-'2018'!H9) -> -0.0129291 | I9: =IF(ISBLANK('2021'!I9),"",'2021'!I9-'2018'!I9) -> 0 | J9: =IF(ISBLANK('2021'!J9),"",'2021'!J9-'2018'!J9) -> 0.0569688 | K9: =IF(ISBLANK('2021'!K9),"",'2021'!K9-'2018'!K9) -> 0.0738256 | ... AI9: =IF(ISBLANK('2021'!AI9),"",'2021'!AI9-'2018'!AI9)
C10: =DEC2BIN(ROW()-4,5) -> 00110 | D10: =IF(ISBLANK('2021'!D10),"",'2021'!D10-'2018'!D10) -> -0.0749992 | E10: =IF(ISBLANK('2021'!E10),"",'2021'!E10-'2018'!E10) -> -0.0658982 | F10: =IF(ISBLANK('2021'!F10),"",'2021'!F10-'2018'!F10) -> -0.0708101 | G10: =IF(ISBLANK('2021'!G10),"",'2021'!G10-'2018'!G10) -> 0.0043432 | H10: =IF(ISBLANK('2021'!H10),"",'2021'!H10-'2018'!H10) -> -0.0698979 | I10: =IF(ISBLANK('2021'!I10),"",'2021'!I10-'2018'!I10) -> -0.0569688 | J10: =IF(ISBLANK('2021'!J10),"",'2021'!J10-'2018'!J10) -> -2.220446e-16 | K10: =IF(ISBLANK('2021'!K10),"",'2021'!K10-'2018'!K10) -> 0.0168568 | ... AI10: =IF(ISBLANK('2021'!AI10),"",'2021'!AI10-'2018'!AI10)
C11: =DEC2BIN(ROW()-4,5) -> 00111 | D11: =IF(ISBLANK('2021'!D11),"",'2021'!D11-'2018'!D11) -> -0.091856 | E11: =IF(ISBLANK('2021'!E11),"",'2021'!E11-'2018'!E11) -> -0.082755 | F11: =IF(ISBLANK('2021'!F11),"",'2021'!F11-'2018'!F11) -> -0.0876669 | G11: =IF(ISBLANK('2021'!G11),"",'2021'!G11-'2018'!G11) -> -0.0125136 | H11: =IF(ISBLANK('2021'!H11),"",'2021'!H11-'2018'!H11) -> -0.0867547 | I11: =IF(ISBLANK('2021'!I11),"",'2021'!I11-'2018'!I11) -> -0.0738256 | J11: =IF(ISBLANK('2021'!J11),"",'2021'!J11-'2018'!J11) -> -0.0168568 | K11: =IF(ISBLANK('2021'!K11),"",'2021'!K11-'2018'!K11) -> 0 | ... AI11: =IF(ISBLANK('2021'!AI11),"",'2021'!AI11-'2018'!AI11)
C12: =DEC2BIN(ROW()-4,5) -> 01000 | D12: =IF(ISBLANK('2021'!D12),"",'2021'!D12-'2018'!D12) | E12: =IF(ISBLANK('2021'!E12),"",'2021'!E12-'2018'!E12) | F12: =IF(ISBLANK('2021'!F12),"",'2021'!F12-'2018'!F12) | G12: =IF(ISBLANK('2021'!G12),"",'2021'!G12-'2018'!G12) | H12: =IF(ISBLANK('2021'!H12),"",'2021'!H12-'2018'!H12) | I12: =IF(ISBLANK('2021'!I12),"",'2021'!I12-'2018'!I12) | J12: =IF(ISBLANK('2021'!J12),"",'2021'!J12-'2018'!J12) | K12: =IF(ISBLANK('2021'!K12),"",'2021'!K12-'2018'!K12) | ... AI12: =IF(ISBLANK('2021'!AI12),"",'2021'!AI12-'2018'!AI12)
C13: =DEC2BIN(ROW()-4,5) -> 01001 | D13: =IF(ISBLANK('2021'!D13),"",'2021'!D13-'2018'!D13) | E13: =IF(ISBLANK('2021'!E13),"",'2021'!E13-'2018'!E13) | F13: =IF(ISBLANK('2021'!F13),"",'2021'!F13-'2018'!F13) | G13: =IF(ISBLANK('2021'!G13),"",'2021'!G13-'2018'!G13) | H13: =IF(ISBLANK('2021'!H13),"",'2021'!H13-'2018'!H13) | I13: =IF(ISBLANK('2021'!I13),"",'2021'!I13-'2018'!I13) | J13: =IF(ISBLANK('2021'!J13),"",'2021'!J13-'2018'!J13) | K13: =IF(ISBLANK('2021'!K13),"",'2021'!K13-'2018'!K13) | ... AI13: =IF(ISBLANK('2021'!AI13),"",'2021'!AI13-'2018'!AI13)
C14: =DEC2BIN(ROW()-4,5) -> 01010 | D14: =IF(ISBLANK('2021'!D14),"",'2021'!D14-'2018'!D14) | E14: =IF(ISBLANK('2021'!E14),"",'2021'!E14-'2018'!E14) | F14: =IF(ISBLANK('2021'!F14),"",'2021'!F14-'2018'!F14) | G14: =IF(ISBLANK('2021'!G14),"",'2021'!G14-'2018'!G14) | H14: =IF(ISBLANK('2021'!H14),"",'2021'!H14-'2018'!H14) | I14: =IF(ISBLANK('2021'!I14),"",'2021'!I14-'2018'!I14) | J14: =IF(ISBLANK('2021'!J14),"",'2021'!J14-'2018'!J14) | K14: =IF(ISBLANK('2021'!K14),"",'2021'!K14-'2018'!K14) | ... AI14: =IF(ISBLANK('2021'!AI14),"",'2021'!AI14-'2018'!AI14)
C15: =DEC2BIN(ROW()-4,5) -> 01011 | D15: =IF(ISBLANK('2021'!D15),"",'2021'!D15-'2018'!D15) | E15: =IF(ISBLANK('2021'!E15),"",'2021'!E15-'2018'!E15) | F15: =IF(ISBLANK('2021'!F15),"",'2021'!F15-'2018'!F15) | G15: =IF(ISBLANK('2021'!G15),"",'2021'!G15-'2018'!G15) | H15: =IF(ISBLANK('2021'!H15),"",'2021'!H15-'2018'!H15) | I15: =IF(ISBLANK('2021'!I15),"",'2021'!I15-'2018'!I15) | J15: =IF(ISBLANK('2021'!J15),"",'2021'!J15-'2018'!J15) | K15: =IF(ISBLANK('2021'!K15),"",'2021'!K15-'2018'!K15) | ... AI15: =IF(ISBLANK('2021'!AI15),"",'2021'!AI15-'2018'!AI15)
... C27: =DEC2BIN(ROW()-4,5) -> 10111 | D27: =IF(ISBLANK('2021'!D27),"",'2021'!D27-'2018'!D27) | E27: =IF(ISBLANK('2021'!E27),"",'2021'!E27-'2018'!E27) | F27: =IF(ISBLANK('2021'!F27),"",'2021'!F27-'2018'!F27) | G27: =IF(ISBLANK('2021'!G27),"",'2021'!G27-'2018'!G27) | H27: =IF(ISBLANK('2021'!H27),"",'2021'!H27-'2018'!H27) | I27: =IF(ISBLANK('2021'!I27),"",'2021'!I27-'2018'!I27) | J27: =IF(ISBLANK('2021'!J27),"",'2021'!J27-'2018'!J27) | K27: =IF(ISBLANK('2021'!K27),"",'2021'!K27-'2018'!K27) | ... AI27: =IF(ISBLANK('2021'!AI27),"",'2021'!AI27-'2018'!AI27) -> -0.0634252
